Datetime,Water Level (m)
2026-04-20 06:00:00,0.056543164
2026-04-20 07:00:00,0.02363467
2026-04-20 08:00:00,-0.006861198
2026-04-20 09:00:00,-0.010475458
2026-04-20 10:00:00,0.019691024
2026-04-20 11:00:00,0.0795881
2026-04-20 12:00:00,0.1478857
2026-04-20 13:00:00,0.20719908
2026-04-20 14:00:00,0.23986025
2026-04-20 15:00:00,0.2506396
2026-04-20 16:00:00,0.2431405
2026-04-20 17:00:00,0.22222531
2026-04-20 18:00:00,0.19618057
2026-04-20 19:00:00,0.16674326
2026-04-20 20:00:00,0.13356856
2026-04-20 21:00:00,0.111311294
2026-04-20 22:00:00,0.11679726
2026-04-20 23:00:00,0.14440885
2026-04-21 00:00:00,0.19014089
2026-04-21 01:00:00,0.22420543
2026-04-21 02:00:00,0.23728067
2026-04-21 03:00:00,0.23419671
2026-04-21 04:00:00,0.21657366
2026-04-21 05:00:00,0.19214787
2026-04-21 06:00:00,0.16347687
2026-04-21 07:00:00,0.13178353
2026-04-21 08:00:00,0.098487884
2026-04-21 09:00:00,0.073512346
2026-04-21 10:00:00,0.07423549
2026-04-21 11:00:00,0.11058351
2026-04-21 12:00:00,0.17263716
2026-04-21 13:00:00,0.23285933
2026-04-21 14:00:00,0.27819076
2026-04-21 15:00:00,0.29889262
2026-04-21 16:00:00,0.30099013
2026-04-21 17:00:00,0.28678995
2026-04-21 18:00:00,0.26271376
2026-04-21 19:00:00,0.23408584
2026-04-21 20:00:00,0.2022386
2026-04-21 21:00:00,0.17276637
2026-04-21 22:00:00,0.1577729
2026-04-21 23:00:00,0.16736203
2026-04-22 00:00:00,0.19119628
2026-04-22 01:00:00,0.21671182
2026-04-22 02:00:00,0.23681138
2026-04-22 03:00:00,0.24235302
2026-04-22 04:00:00,0.23163675
2026-04-22 05:00:00,0.21210316
2026-04-22 06:00:00,0.18721184
2026-04-22 07:00:00,0.15926
2026-04-22 08:00:00,0.12789153
2026-04-22 09:00:00,0.097604856
2026-04-22 10:00:00,0.08455551
2026-04-22 11:00:00,0.0930041
2026-04-22 12:00:00,0.13675019
2026-04-22 13:00:00,0.18655154
2026-04-22 14:00:00,0.22928274
2026-04-22 15:00:00,0.26068315
2026-04-22 16:00:00,0.27594072
2026-04-22 17:00:00,0.27627796
2026-04-22 18:00:00,0.26223472
2026-04-22 19:00:00,0.23951478
2026-04-22 20:00:00,0.21228752
2026-04-22 21:00:00,0.18438517
2026-04-22 22:00:00,0.16013634
2026-04-22 23:00:00,0.1501611
2026-04-23 00:00:00,0.15893729
2026-04-23 01:00:00,0.17890123
2026-04-23 02:00:00,0.19900618
2026-04-23 03:00:00,0.21235156
2026-04-23 04:00:00,0.21357782
2026-04-23 05:00:00,0.20266515
2026-04-23 06:00:00,0.18542413
2026-04-23 07:00:00,0.16393082
2026-04-23 08:00:00,0.13924456
2026-04-23 09:00:00,0.112986885
2026-04-23 10:00:00,0.091782644
2026-04-23 11:00:00,0.088604495
2026-04-23 12:00:00,0.10386865
2026-04-23 13:00:00,0.13201849
2026-04-23 14:00:00,0.17598598
2026-04-23 15:00:00,0.2110844
2026-04-23 16:00:00,0.23890263
2026-04-23 17:00:00,0.25645387
2026-04-23 18:00:00,0.25537768
2026-04-23 19:00:00,0.24132116
2026-04-23 20:00:00,0.22281525
2026-04-23 21:00:00,0.20063849
2026-04-23 22:00:00,0.17662059
2026-04-23 23:00:00,0.1548506
2026-04-24 00:00:00,0.14341208
2026-04-24 01:00:00,0.14607678
2026-04-24 02:00:00,0.15805903
2026-04-24 03:00:00,0.17404507
2026-04-24 04:00:00,0.18760832
2026-04-24 05:00:00,0.19512099
2026-04-24 06:00:00,0.18958716
2026-04-24 07:00:00,0.17704216
2026-04-24 08:00:00,0.15946038
2026-04-24 09:00:00,0.13717957
2026-04-24 10:00:00,0.11325191
2026-04-24 11:00:00,0.09228815
2026-04-24 12:00:00,0.08573327
2026-04-24 13:00:00,0.09693273
2026-04-24 14:00:00,0.12081963
2026-04-24 15:00:00,0.14947243
2026-04-24 16:00:00,0.18064293
2026-04-24 17:00:00,0.20999731
2026-04-24 18:00:00,0.22870035
2026-04-24 19:00:00,0.23204216
2026-04-24 20:00:00,0.22334896
2026-04-24 21:00:00,0.2080861
2026-04-24 22:00:00,0.18812905
2026-04-24 23:00:00,0.16533273
2026-04-25 00:00:00,0.14191018
2026-04-25 01:00:00,0.12314688
2026-04-25 02:00:00,0.11538635
2026-04-25 03:00:00,0.1204713
2026-04-25 04:00:00,0.13478018
2026-04-25 05:00:00,0.15419057
2026-04-25 06:00:00,0.16998693
2026-04-25 07:00:00,0.17550662
2026-04-25 08:00:00,0.16731496
2026-04-25 09:00:00,0.15308666
2026-04-25 10:00:00,0.13541375
2026-04-25 11:00:00,0.1148795
2026-04-25 12:00:00,0.094968155
2026-04-25 13:00:00,0.08431204
2026-04-25 14:00:00,0.086224675
2026-04-25 15:00:00,0.10916161
2026-04-25 16:00:00,0.1365366
2026-04-25 17:00:00,0.16932322
2026-04-25 18:00:00,0.20336334
2026-04-25 19:00:00,0.22734934
2026-04-25 20:00:00,0.23636524
2026-04-25 21:00:00,0.22940904
2026-04-25 22:00:00,0.21522741
2026-04-25 23:00:00,0.19757134
2026-04-26 00:00:00,0.17529644
2026-04-26 01:00:00,0.14924884
2026-04-26 02:00:00,0.122875996
2026-04-26 03:00:00,0.11160132
2026-04-26 04:00:00,0.11953209
2026-04-26 05:00:00,0.13764717
2026-04-26 06:00:00,0.16060373
